rank,global_index,source_file,source_row,actual_score,pred_score,error,f000_p1_血量,f001_p1_攻,f002_p1_防,f003_p1_速,f004_p1_敏,f005_p1_魔,f006_p1_抗,f007_p1_智,f008_p1_skill_火球术,f009_p1_skill_冰冻术,f010_p1_skill_雷击术,f011_p1_skill_地裂术,f012_p1_skill_吸血攻击,f013_p1_skill_投毒,f014_p1_skill_连击,f015_p1_skill_会心一击,f016_p1_skill_瘟疫,f017_p1_skill_生命之轮,f018_p1_skill_狂暴术,f019_p1_skill_魅惑,f020_p1_skill_加速术,f021_p1_skill_减速术,f022_p1_skill_诅咒,f023_p1_skill_治愈魔法,f024_p1_skill_苏生术,f025_p1_skill_净化,f026_p1_skill_无盾铁壁,f027_p1_skill_蓄力,f028_p1_skill_聚气,f029_p1_skill_潜行,f030_p1_skill_血祭,f031_p1_skill_分身,f032_p1_skill_幻术,f033_p1_skill_防御,f034_p1_skill_守护,f035_p1_skill_伤害反弹,f036_p1_skill_护身符,f037_p1_skill_护盾,f038_p1_skill_反击,f039_p1_skill_吞噬,f040_p1_skill_召唤亡灵,f041_p1_skill_垂死抗争,f042_p1_skill_隐匿,f043_p1_隐匿判定,f044_p1_skill_有盾铁壁,f045_p1_幻影_攻,f046_p1_幻影_防,f047_p1_幻影_速,f048_p1_幻影_敏,f049_p1_幻影_魔,f050_p1_幻影_抗,f051_p1_幻影_智,f052_p1_幻影_血量,f053_p1_幻影_唯一技能附体,f054_p1_末尾主动_技能id加1,f055_p1_末尾主动_原始熟练度,f056_p1_末尾主动_受分身衰减机制影响,f057_p1_末尾座位14_技能id加1,f058_p1_末尾座位14_原始熟练度,f059_p1_末尾座位14_bonus,f060_p1_末尾座位14_受分身衰减机制影响,f061_p1_末尾座位15_技能id加1,f062_p1_末尾座位15_原始熟练度,f063_p1_末尾座位15_bonus,f064_p1_末尾座位15_受分身衰减机制影响,f065_p2_血量,f066_p2_攻,f067_p2_防,f068_p2_速,f069_p2_敏,f070_p2_魔,f071_p2_抗,f072_p2_智,f073_p2_skill_火球术,f074_p2_skill_冰冻术,f075_p2_skill_雷击术,f076_p2_skill_地裂术,f077_p2_skill_吸血攻击,f078_p2_skill_投毒,f079_p2_skill_连击,f080_p2_skill_会心一击,f081_p2_skill_瘟疫,f082_p2_skill_生命之轮,f083_p2_skill_狂暴术,f084_p2_skill_魅惑,f085_p2_skill_加速术,f086_p2_skill_减速术,f087_p2_skill_诅咒,f088_p2_skill_治愈魔法,f089_p2_skill_苏生术,f090_p2_skill_净化,f091_p2_skill_无盾铁壁,f092_p2_skill_蓄力,f093_p2_skill_聚气,f094_p2_skill_潜行,f095_p2_skill_血祭,f096_p2_skill_分身,f097_p2_skill_幻术,f098_p2_skill_防御,f099_p2_skill_守护,f100_p2_skill_伤害反弹,f101_p2_skill_护身符,f102_p2_skill_护盾,f103_p2_skill_反击,f104_p2_skill_吞噬,f105_p2_skill_召唤亡灵,f106_p2_skill_垂死抗争,f107_p2_skill_隐匿,f108_p2_隐匿判定,f109_p2_skill_有盾铁壁,f110_p2_幻影_攻,f111_p2_幻影_防,f112_p2_幻影_速,f113_p2_幻影_敏,f114_p2_幻影_魔,f115_p2_幻影_抗,f116_p2_幻影_智,f117_p2_幻影_血量,f118_p2_幻影_唯一技能附体,f119_p2_末尾主动_技能id加1,f120_p2_末尾主动_原始熟练度,f121_p2_末尾主动_受分身衰减机制影响,f122_p2_末尾座位14_技能id加1,f123_p2_末尾座位14_原始熟练度,f124_p2_末尾座位14_bonus,f125_p2_末尾座位14_受分身衰减机制影响,f126_p2_末尾座位15_技能id加1,f127_p2_末尾座位15_原始熟练度,f128_p2_末尾座位15_bonus,f129_p2_末尾座位15_受分身衰减机制影响
1,253098,data_mech.csv,253099,4906.89990234375,4503.30517578125,-403.5947265625,340.0,42.0,93.0,90.0,58.0,59.0,86.0,95.0,0.0,0.0,0.0,0.0,0.0,0.0,0.0,3.546380043029785,0.0,0.0,0.0,0.0,2.0,9.84375,0.0,0.0,11.764699935913086,0.0,0.0,0.0,0.0,3.706789970397949,0.0,68.71109771728516,66.99330139160156,0.0,0.0,0.0,0.0,0.0,0.0,0.0,0.0,0.0,0.0,0.0,0.0,87.0,68.0,90.0,64.0,92.0,89.0,46.0,170.0,66.0,25.0,48.0,1.0,24.0,40.0,40.0,1.0,25.0,48.0,0.0,1.0,334.0,74.0,90.0,93.0,86.0,88.0,92.0,85.0,0.0,36.71879959106445,0.0,0.0,0.0,0.0,0.0,0.0,0.0,0.0,0.0,0.0,0.0,0.0,0.0,0.0,0.0,0.0,14.0,0.0,0.0,0.0,0.0,46.701698303222656,0.0,0.0,10.0,0.0,0.0,0.0,0.0,0.0,0.0,25.0,0.0,0.0,0.0,0.0,0.0,0.0,0.0,0.0,0.0,0.0,0.0,0.0,24.0,37.0,1.0,2.0,20.0,20.0,0.0,24.0,37.0,0.0,1.0
2,252972,data_mech.csv,252973,5023.10009765625,4708.232421875,-314.86767578125,343.0,76.0,90.0,94.0,77.0,44.0,93.0,86.0,0.0,0.0,0.0,0.0,0.0,1.84375,10.0,0.0,0.0,0.0,0.0,0.0,0.0,0.0,0.0,0.0,0.0,0.0,0.0,0.0,0.0,0.0,0.0,45.5536003112793,82.03919982910156,0.0,0.0,0.0,7.0,0.0,0.0,0.0,0.0,0.0,0.0,0.0,0.0,98.0,89.0,65.0,79.0,74.0,69.0,49.0,170.0,62.0,25.0,51.0,1.0,24.0,25.0,25.0,1.0,25.0,51.0,0.0,1.0,361.0,98.0,86.0,79.0,91.0,45.0,93.0,91.0,0.0,0.0,1.9921900033950806,1.0,0.0,0.0,0.0,0.0,0.0,12.746899604797363,8.376640319824219,0.0,0.0,0.0,0.0,0.0,0.0,0.0,0.0,0.0,0.0,0.0,0.0,48.45650100708008,0.0,1.0,0.0,4.0,78.0,0.0,0.0,0.0,0.0,0.0,0.0,0.0,0.0,0.0,0.0,0.0,0.0,0.0,0.0,0.0,0.0,0.0,24.0,28.0,1.0,0.0,0.0,0.0,0.0,29.0,39.0,39.0,0.0
3,86783,data_mech.csv,86784,4658.2998046875,4375.49658203125,-282.80322265625,299.0,63.0,87.0,90.0,73.0,95.0,93.0,91.0,0.0,0.0,0.0,0.0,0.0,0.0,0.0,5.753910064697266,7.0,0.0,0.0,0.0,0.0,0.0,0.0,0.0,0.0,0.0,0.914031982421875,0.0,0.0,76.32879638671875,0.0,0.0,0.0,0.0,0.0,0.0,2.0,0.0,0.0,64.0,0.0,0.0,0.0,0.0,0.0,0.0,0.0,0.0,0.0,0.0,0.0,0.0,0.0,0.0,0.0,0.0,0.0,0.0,0.0,0.0,0.0,0.0,0.0,0.0,0.0,366.0,93.0,86.0,97.0,92.0,87.0,94.0,87.0,0.0,10.0,8.296879768371582,0.0,0.0,0.0,0.0,0.0,0.0,0.0,0.0,0.0,0.0,0.0,0.0,2.5711700916290283,0.0,52.203399658203125,0.0,0.0,0.0,0.0,0.0,0.0,0.0,14.0,0.0,22.0,0.0,0.0,12.0,0.0,0.0,0.0,0.0,0.0,0.0,0.0,0.0,0.0,0.0,0.0,0.0,0.0,0.0,0.0,0.0,0.0,0.0,0.0,0.0,0.0,0.0,0.0,0.0,0.0,0.0
4,2160,data_mech.csv,2161,4672.2001953125,4401.41552734375,-270.78466796875,326.0,90.0,82.0,83.0,88.0,37.0,91.0,87.0,0.0,5.0,0.0,0.0,0.0,0.0,0.0,0.0,0.0,0.0,0.0,0.0,0.0,0.0,0.0,0.0,0.0,0.0,0.0,0.0,0.0,0.0,0.0,21.140600204467773,91.13890075683594,0.0,24.0,0.0,13.0,0.0,27.0,4.0,17.549999237060547,0.0,0.0,0.0,0.0,71.0,67.0,80.0,83.0,94.0,78.0,48.0,164.0,74.0,25.0,50.0,1.0,31.0,27.0,0.0,0.0,25.0,50.0,0.0,1.0,322.0,85.0,86.0,85.0,89.0,46.0,91.0,95.0,0.0,0.0,0.0,0.0,0.0,0.0,0.0,0.0,0.0,0.0,0.0,0.0,6.606249809265137,0.0,0.0,0.0,0.0,0.0,0.0,0.0,0.0,0.0,0.0,24.0,76.7238998413086,20.0,4.0,0.0,68.0,0.0,3.0,0.0,0.0,0.0,0.0,0.0,0.0,84.0,82.0,96.0,48.0,72.0,76.0,42.0,135.0,98.0,25.0,43.0,1.0,25.0,43.0,0.0,1.0,29.0,35.0,33.0,0.0
5,1573,data_mech.csv,1574,4699.89990234375,4434.17822265625,-265.7216796875,323.0,64.0,91.0,89.0,51.0,46.0,95.0,96.0,0.0,0.0,0.0,0.0,0.0,0.0,0.0,3.1570301055908203,0.0,0.0,0.0,6.513790130615234,6.890620231628418,0.0,0.0,0.0,6.393980026245117,2.0,0.0,0.0,0.0,0.0,0.0,34.30649948120117,59.63819885253906,0.0,0.0,0.0,21.0,0.0,0.0,0.0,0.0,0.0,20.0,1.0,0.0,78.0,53.0,73.0,59.0,58.0,78.0,55.0,179.0,74.0,25.0,39.0,1.0,35.0,20.0,0.0,0.0,25.0,39.0,0.0,1.0,296.0,82.0,85.0,94.0,97.0,90.0,91.0,94.0,0.0,0.0,0.0,0.0,0.0,0.0,0.0,0.0,0.0,29.878799438476562,0.0,0.0,8.1699800491333,52.721900939941406,0.0,0.0,16.402299880981445,0.0,0.9392150044441223,0.0,0.0,0.0,0.0,15.0,0.0,0.0,0.0,0.0,56.0,0.0,3.0,0.0,0.0,0.0,7.0,1.0,0.0,0.0,0.0,0.0,0.0,0.0,0.0,0.0,0.0,0.0,14.0,35.0,0.0,29.0,28.0,28.0,0.0,0.0,0.0,0.0,0.0
6,573,data_mech.csv,574,4777.2001953125,4513.43310546875,-263.76708984375,330.0,64.0,89.0,94.0,63.0,91.0,97.0,92.0,0.0,0.0,0.0,36.78300094604492,0.0,0.0,0.0,0.0,0.0,0.0,0.0,0.0,0.0,3.5945699214935303,0.0,0.0,0.0,0.0,0.0,1.8593800067901611,0.0,64.94100189208984,0.0,10.146699905395508,12.0,0.0,9.0,0.0,0.0,0.0,0.0,0.0,16.0,0.0,0.0,0.0,0.0,64.0,96.0,87.0,76.0,78.0,71.0,53.0,142.0,76.0,4.0,37.0,0.0,22.0,37.0,37.0,0.0,4.0,37.0,0.0,0.0,362.0,79.0,76.0,96.0,83.0,74.0,96.0,94.0,0.0,0.0,0.0,0.0,0.0,4.0,0.0,0.0,0.0,0.0,0.0,0.0,39.794898986816406,0.0,0.0,0.0,0.0,0.0,0.0,0.0,0.0,0.0,0.0,0.0,60.54690170288086,0.0,0.0,0.0,0.0,0.2666670083999634,0.0,0.0,12.0,11.0,24.0,1.0,0.0,90.0,80.0,94.0,85.0,63.0,91.0,41.0,167.0,72.0,0.0,0.0,0.0,0.0,0.0,0.0,0.0,0.0,0.0,0.0,0.0
7,86771,data_mech.csv,86772,4699.0,4459.91259765625,-239.08740234375,299.0,63.0,87.0,90.0,73.0,95.0,93.0,91.0,0.0,0.0,0.0,0.0,0.0,0.0,0.0,5.753910064697266,7.0,0.0,0.0,0.0,0.0,0.0,0.0,0.0,0.0,0.0,0.914031982421875,0.0,0.0,76.32879638671875,0.0,0.0,0.0,0.0,0.0,0.0,2.0,0.0,0.0,64.0,0.0,0.0,0.0,0.0,0.0,0.0,0.0,0.0,0.0,0.0,0.0,0.0,0.0,0.0,0.0,0.0,0.0,0.0,0.0,0.0,0.0,0.0,0.0,0.0,0.0,358.0,94.0,81.0,97.0,76.0,88.0,96.0,92.0,0.0,0.0,0.0,0.0,0.0,0.0,0.0,0.0,0.0,0.0,0.0,0.0,0.0,3.864720106124878,0.0,0.0,0.0,0.0,0.0,0.0,0.0,1.0,0.0,11.929699897766113,0.0,25.0,44.0,0.0,0.0,14.01669979095459,0.0,0.0,0.0,0.0,0.0,0.0,62.27330017089844,0.0,0.0,0.0,0.0,0.0,0.0,0.0,0.0,0.0,19.0,33.0,0.0,0.0,0.0,0.0,0.0,27.0,22.0,22.0,0.0
8,253219,data_mech.csv,253220,4695.89990234375,4465.0390625,-230.86083984375,335.0,59.0,83.0,94.0,86.0,80.0,93.0,82.0,0.0,0.0,0.0,0.0,0.0,0.0,0.0,0.0,0.0,0.0,0.0,0.0,0.0,0.0,0.0,0.0,14.0,0.0,0.0,0.0,0.0,95.8563003540039,0.0,0.0,0.0,15.0,0.0,1.0,0.0,0.6000000238418579,0.0,0.0,29.0,8.0,0.0,0.0,0.0,0.0,0.0,0.0,0.0,0.0,0.0,0.0,0.0,0.0,0.0,0.0,0.0,0.0,0.0,0.0,0.0,0.0,0.0,0.0,0.0,362.0,88.0,85.0,96.0,89.0,82.0,93.0,86.0,0.0,0.0,0.0,0.0,0.0,0.0,0.0,0.0,0.0,0.0,0.0,0.0,0.0,39.936500549316406,0.0,0.0,10.637800216674805,28.49020004272461,37.1609992980957,0.0,0.0,0.0,0.0,0.0,3.0,0.0,0.0,0.0,8.0,0.0,0.0,0.0,13.0,0.0,0.0,0.0,0.0,58.0,47.0,70.0,62.0,63.0,39.0,73.0,147.0,64.0,0.0,0.0,0.0,0.0,0.0,0.0,0.0,0.0,0.0,0.0,0.0
9,252993,data_mech.csv,252994,4987.10009765625,4761.31591796875,-225.7841796875,294.0,87.0,93.0,90.0,62.0,48.0,99.0,82.0,0.0,0.0,0.0,0.0,0.0,0.0,0.0,0.0,0.0,0.0,0.0,0.0,0.0,0.0,0.0,0.0,19.0,0.0,0.0,0.0,0.0,0.0,0.0,46.57500076293945,72.33679962158203,15.0,4.0,0.0,2.0,0.0,0.0,0.0,18.0,50.0,0.0,0.0,0.0,80.0,79.0,88.0,88.0,70.0,68.0,58.0,167.0,70.0,25.0,42.0,1.0,25.0,42.0,0.0,1.0,34.0,29.0,21.0,0.0,330.0,66.0,84.0,97.0,85.0,81.0,95.0,95.0,6.269370079040527,0.0,0.0,0.0,8.598730087280273,0.0,4.660160064697266,0.0,0.0,27.211200714111328,0.0,23.70599937438965,0.0,0.0,8.5548095703125,0.0,0.0,0.0,0.0,0.0,0.0,0.0,0.0,29.0,0.0,0.0,0.0,0.0,61.0,0.0,0.0,0.0,0.0,0.0,0.0,0.0,0.0,0.0,0.0,0.0,0.0,0.0,0.0,0.0,0.0,0.0,10.0,25.0,1.0,0.0,0.0,0.0,0.0,29.0,36.0,25.0,0.0
10,245,data_mech.csv,246,4819.39990234375,4604.43701171875,-214.962890625,320.0,96.0,89.0,86.0,96.0,45.0,88.0,95.0,0.0,0.0,0.0,0.0,0.0,0.0,86.0,0.0,0.0,0.0,0.0,0.0,0.0,0.0,0.0,0.0,0.0,0.0,0.0,0.0,0.0,0.0,0.0,0.0,0.0,11.0,0.0,0.0,46.0,0.0,26.0,0.0,9.0,0.0,0.0,0.0,0.0,0.0,0.0,0.0,0.0,0.0,0.0,0.0,0.0,0.0,0.0,0.0,0.0,0.0,0.0,0.0,0.0,0.0,0.0,0.0,0.0,368.0,95.0,77.0,87.0,89.0,94.0,97.0,85.0,0.0,0.0,0.0,0.0,0.0,0.8400099873542786,0.0,0.0,70.14739990234375,0.0,0.0,0.0,9.0,0.0,0.0,0.0,0.0,0.0,11.156200408935547,0.0,10.371800422668457,0.0,0.0,0.0,0.0,19.0,0.0,0.0,0.0,0.0,36.0,0.0,3.0,0.0,0.0,0.0,0.0,0.0,0.0,0.0,0.0,0.0,0.0,0.0,0.0,0.0,0.0,0.0,0.0,0.0,0.0,0.0,0.0,0.0,0.0,0.0,0.0
11,253375,data_mech.csv,253376,4650.2001953125,4436.6416015625,-213.55859375,307.0,61.0,82.0,96.0,83.0,95.0,94.0,97.0,0.0,0.0,0.0,0.0,0.0,0.0,0.0,0.0,0.0,0.0,0.0,4.0,0.0,0.0,0.0,0.0,2.90625,0.0,0.0,0.0,0.0,86.77880096435547,0.0,0.0,0.0,0.0,0.0,0.0,0.0,100.0,0.0,0.0,0.0,0.0,0.0,0.0,0.0,0.0,0.0,0.0,0.0,0.0,0.0,0.0,0.0,0.0,0.0,0.0,0.0,0.0,0.0,0.0,0.0,0.0,0.0,0.0,0.0,339.0,89.0,68.0,97.0,86.0,80.0,89.0,92.0,0.0,0.0,0.0,0.0,0.0,0.0,0.0,0.0,0.0,0.0,0.0,0.0,71.9832992553711,0.0,0.0,0.0,0.0,0.0,0.0,1.0,0.0,0.0,3.984380006790161,0.0,0.0,0.0,0.0,9.0,0.0,0.0,24.0,16.0,0.0,22.0,0.0,0.0,0.0,0.0,0.0,0.0,0.0,0.0,0.0,0.0,0.0,0.0,0.0,0.0,0.0,0.0,0.0,0.0,0.0,0.0,0.0,0.0,0.0
12,742,data_mech.csv,743,4760.0,4548.24462890625,-211.75537109375,341.0,85.0,79.0,89.0,38.0,72.0,99.0,94.0,0.0,0.0,0.0,0.0,8.0,0.0,0.0,0.0,0.0,0.0,0.0,0.0,0.0,0.0,0.0,0.0,0.0,0.0,0.0,0.0,0.0,0.0,0.0,28.593799591064453,77.97750091552734,2.0,0.0,9.0,0.0,0.0,0.0,0.0,18.0,16.0,0.0,0.0,0.0,87.0,82.0,85.0,96.0,73.0,62.0,52.0,161.0,64.0,25.0,44.0,1.0,0.0,0.0,0.0,0.0,0.0,0.0,0.0,0.0,347.0,85.0,91.0,97.0,80.0,96.0,95.0,90.0,0.0,29.910200119018555,1.462339997291565,0.0,0.0,0.0,0.0,0.0,0.0,0.0,0.0,0.0,0.0,48.76210021972656,0.0,0.0,0.0,5.757969856262207,0.0,0.0,0.0,0.0,0.0,15.0,2.699049949645996,0.0,24.0,0.0,0.0,0.0,0.0,0.0,0.0,0.0,21.0,1.0,0.0,49.0,88.0,67.0,79.0,50.0,77.0,59.0,150.0,82.0,14.0,37.0,0.0,14.0,37.0,0.0,0.0,0.0,0.0,0.0,0.0
13,253063,data_mech.csv,253064,4928.2001953125,4724.224609375,-203.9755859375,346.0,89.0,97.0,98.0,75.0,90.0,97.0,93.0,0.0,0.0,9.84375,0.0,0.0,0.0,0.0,2.0,0.0,0.0,0.0,0.0,0.0,0.0,0.0,0.0,34.4838981628418,78.53019714355469,0.0,0.0,0.0,0.0,0.0,0.0,0.0,0.0,11.0,0.0,0.0,0.0,0.0,0.0,15.0,0.0,0.0,0.0,0.0,0.0,0.0,0.0,0.0,0.0,0.0,0.0,0.0,0.0,0.0,0.0,0.0,0.0,0.0,0.0,0.0,0.0,0.0,0.0,0.0,296.0,94.0,97.0,98.0,92.0,89.0,85.0,86.0,10.289199829101562,0.0,0.0,0.0,0.0,0.0,23.0,0.0,58.30929946899414,7.382810115814209,0.0,0.0,0.0,0.0,0.0,0.0,0.0,0.0,0.0,0.0,0.0,0.0,0.0,0.0,0.0,0.0,8.0,0.0,10.0,0.0,60.0,22.0,0.0,0.0,0.0,0.0,0.0,0.0,0.0,0.0,0.0,0.0,0.0,0.0,0.0,0.0,0.0,0.0,0.0,0.0,0.0,0.0,0.0,0.0,0.0,0.0,0.0
14,86769,data_mech.csv,86770,4739.0,4537.71484375,-201.28515625,331.0,68.0,86.0,97.0,57.0,97.0,74.0,89.0,0.0,0.0,0.0,0.0,0.0,0.0,0.0,0.0,0.0,0.0,0.0,0.0,0.0,0.0,0.0,17.0,0.0,0.0,0.0,0.0,0.0,81.03520202636719,0.0,0.0,0.0,0.0,0.0,7.0,9.0,0.0,0.0,3.0,62.79999923706055,23.0,0.0,0.0,0.0,0.0,0.0,0.0,0.0,0.0,0.0,0.0,0.0,0.0,0.0,0.0,0.0,0.0,0.0,0.0,0.0,0.0,0.0,0.0,0.0,354.0,86.0,86.0,96.0,89.0,91.0,89.0,97.0,8.736330032348633,0.0,0.0,0.0,5.0,0.0,0.0,0.0,0.0,0.0,0.0,0.0,0.0,0.0,0.0,0.0,0.0,74.00090026855469,0.0,0.0,0.0,0.0,0.0,0.0,0.0,44.0,0.0,0.0,0.0,0.0,0.0,0.0,0.0,0.0,0.0,0.0,0.0,0.0,0.0,0.0,0.0,0.0,0.0,0.0,0.0,0.0,0.0,0.0,0.0,0.0,0.0,0.0,0.0,0.0,0.0,0.0,0.0
15,253151,data_mech.csv,253152,4885.5,4686.431640625,-199.068359375,343.0,76.0,90.0,94.0,77.0,44.0,93.0,86.0,0.0,0.0,0.0,0.0,0.0,1.84375,10.0,0.0,0.0,0.0,0.0,0.0,0.0,0.0,0.0,0.0,0.0,0.0,0.0,0.0,0.0,0.0,0.0,45.5536003112793,78.8218994140625,0.0,0.0,0.0,7.0,0.0,0.0,0.0,0.0,0.0,0.0,0.0,0.0,98.0,89.0,65.0,79.0,74.0,69.0,49.0,170.0,62.0,25.0,49.0,1.0,24.0,25.0,25.0,1.0,25.0,49.0,0.0,1.0,356.0,89.0,88.0,87.0,89.0,56.0,96.0,96.0,0.0,0.0,0.0,0.0,0.0,0.0,0.0,0.0,0.0,7.0,0.0,16.535200119018555,0.0,51.57059860229492,0.0,0.0,0.0,0.0,0.0,0.0,0.0,0.0,0.0,45.547698974609375,0.0,0.0,0.0,0.0,5.0,0.0,0.0,0.0,0.0,0.0,0.0,0.0,0.0,0.0,0.0,0.0,0.0,0.0,0.0,0.0,0.0,0.0,14.0,35.0,0.0,24.0,27.0,27.0,1.0,14.0,35.0,0.0,0.0
16,253314,data_mech.csv,253315,4664.39990234375,4468.51904296875,-195.880859375,307.0,62.0,96.0,98.0,91.0,86.0,92.0,94.0,0.0,0.0,0.0,0.0,0.0,0.0,0.0,0.0,5.0,0.0,0.0,0.0,0.0,0.0,0.0,0.0,0.0,0.0,0.0,0.0,0.0,87.36329650878906,0.0,0.0,0.0,0.0,9.0,0.0,0.0,92.0,0.0,0.0,0.0,27.0,0.0,0.0,0.0,0.0,0.0,0.0,0.0,0.0,0.0,0.0,0.0,0.0,0.0,0.0,0.0,0.0,0.0,0.0,0.0,0.0,0.0,0.0,0.0,335.0,88.0,85.0,96.0,89.0,88.0,97.0,82.0,0.0,0.0,0.0,1.0,0.0,0.0,0.0,0.0,0.0,0.0,0.0,13.453100204467773,0.0,45.922698974609375,0.0,0.0,0.0,0.0,0.0,0.0,0.0,0.0,0.0,0.0,0.0,0.0,0.0,2.0,11.0,4.816669940948486,0.0,0.0,4.0,0.0,0.0,0.0,16.9335994720459,0.0,0.0,0.0,0.0,0.0,0.0,0.0,0.0,0.0,0.0,0.0,0.0,0.0,0.0,0.0,0.0,0.0,0.0,0.0,0.0
17,1700,data_mech.csv,1701,4693.2998046875,4500.12744140625,-193.17236328125,302.0,63.0,97.0,94.0,50.0,91.0,69.0,93.0,0.0,0.0,0.0,0.0,0.0,0.0,0.0,0.0,0.0,0.0,0.0,0.0,0.0,0.0,0.0,0.0,21.0,0.0,0.0,0.0,0.0,57.40140151977539,0.0,38.6875,9.641650199890137,0.0,0.0,1.0,76.0,0.0,0.0,0.0,0.0,8.0,8.0,1.0,0.0,50.0,58.0,94.0,77.0,69.0,67.0,72.0,148.0,76.0,22.0,35.0,0.0,0.0,0.0,0.0,0.0,29.0,38.0,38.0,0.0,336.0,93.0,66.0,80.0,89.0,92.0,90.0,96.0,0.0,0.0,0.0,0.0,0.0,3.3630599975585938,2.0,0.0,0.0,0.0,0.0,0.0,2.6463398933410645,42.63570022583008,1.96875,0.0,0.0,0.0,0.0,0.0,0.0,0.0,0.0,0.0,0.0,0.0,52.0,0.0,60.0,0.15000000596046448,0.0,5.0,0.0,0.0,0.0,0.0,47.465599060058594,0.0,0.0,0.0,0.0,0.0,0.0,0.0,0.0,0.0,0.0,0.0,0.0,0.0,0.0,0.0,0.0,0.0,0.0,0.0,0.0
18,253059,data_mech.csv,253060,4931.7001953125,4740.4091796875,-191.291015625,311.0,56.0,83.0,98.0,65.0,90.0,96.0,94.0,0.0,0.0,0.0,0.0,0.0,3.0,0.0,0.0,0.0,0.9824219942092896,0.0,58.827701568603516,0.0,0.0,0.0,0.0,19.571699142456055,0.0,0.0,6.636020183563232,0.0,0.0,12.909099578857422,47.40079879760742,0.0,0.0,20.0,0.0,0.0,0.0,24.0,0.0,0.0,0.0,0.0,0.0,0.0,0.0,0.0,0.0,0.0,0.0,0.0,0.0,0.0,0.0,12.0,40.0,0.0,24.0,28.0,28.0,1.0,12.0,40.0,0.0,0.0,315.0,95.0,73.0,92.0,77.0,89.0,86.0,84.0,0.0,0.0,0.0,0.0,0.0,0.0,0.0,0.0,0.0,19.75,0.0,0.0,0.0,0.0,0.0,0.0,8.0,0.0,0.0,0.0,0.0,0.0,0.0,52.80039978027344,0.0,0.0,0.0,0.0,98.0,0.0,6.0,14.0,0.0,0.0,1.0,1.0,0.0,0.0,0.0,0.0,0.0,0.0,0.0,0.0,0.0,0.0,24.0,29.0,1.0,0.0,0.0,0.0,0.0,29.0,49.0,49.0,0.0
19,253239,data_mech.csv,253240,4686.7001953125,4498.3623046875,-188.337890625,340.0,50.0,75.0,98.0,79.0,95.0,81.0,94.0,0.0,0.0,0.0,0.0,0.0,0.0,0.0,0.0,0.0,9.0,0.0,0.0,0.0,0.0,0.0,0.0,0.0,0.0,0.0,0.0,0.0,81.0468978881836,0.0,0.0,0.0,0.0,0.0,3.0,0.0,0.0,0.0,52.400001525878906,29.0,0.0,0.0,0.0,0.0,0.0,0.0,0.0,0.0,0.0,0.0,0.0,0.0,0.0,0.0,0.0,0.0,0.0,0.0,0.0,0.0,0.0,0.0,0.0,0.0,353.0,97.0,73.0,95.0,91.0,85.0,87.0,90.0,0.0,0.0,0.0,0.0,0.0,0.0,0.0,0.0,0.0,0.0,24.0,0.0,49.54349899291992,17.875,0.0,0.0,0.0,0.0,0.0,0.0,0.0,0.0,0.0,0.0,0.0,0.0,0.0,0.0,20.0,0.0,0.0,34.0,0.0,0.0,1.0,1.0,0.0,0.0,0.0,0.0,0.0,0.0,0.0,0.0,0.0,0.0,0.0,0.0,0.0,0.0,0.0,0.0,0.0,0.0,0.0,0.0,0.0
20,107,data_mech.csv,108,4849.89990234375,4662.27294921875,-187.626953125,313.0,84.0,97.0,98.0,94.0,98.0,90.0,93.0,0.0,0.0,0.0,0.0,2.756380081176758,35.45859909057617,0.0,0.0,0.0,0.0,0.0,0.0,8.894530296325684,0.0,0.0,0.0,0.0,50.81949996948242,4.513209819793701,0.0,0.0,0.0,2.0,0.0,0.0,0.0,0.0,12.0,15.0,0.0,0.0,0.0,0.0,0.0,0.0,0.0,0.0,0.0,0.0,0.0,0.0,0.0,0.0,0.0,0.0,0.0,0.0,0.0,0.0,0.0,0.0,0.0,0.0,0.0,0.0,0.0,0.0,353.0,98.0,94.0,97.0,87.0,96.0,95.0,89.0,0.0,1.5350300073623657,0.0,51.375701904296875,0.0,0.0,0.0,0.0,0.0,0.0,0.0,0.0,0.0,2.34375,0.0,0.0,0.0,28.0,0.0,0.0,0.0,0.0,0.0,0.0,0.0,0.0,0.0,0.0,0.0,0.0,8.0,22.0,0.0,0.0,21.0,1.0,0.0,0.0,0.0,0.0,0.0,0.0,0.0,0.0,0.0,0.0,0.0,0.0,0.0,0.0,0.0,0.0,0.0,0.0,0.0,0.0,0.0
21,253268,data_mech.csv,253269,4678.5,4495.291015625,-183.208984375,357.0,74.0,87.0,90.0,94.0,98.0,97.0,88.0,0.0,0.0,0.0,0.0,0.0,0.0,0.0,0.0,0.0,0.0,93.7061996459961,0.0,0.0,0.0,0.0,0.0,2.0,0.0,0.0,0.0,0.0,0.0,0.0,0.0,0.0,19.0,0.0,14.0,0.0,0.0,5.0,26.0,0.0,1.0,1.0,1.0,0.0,0.0,0.0,0.0,0.0,0.0,0.0,0.0,0.0,0.0,0.0,0.0,0.0,0.0,0.0,0.0,0.0,0.0,0.0,0.0,0.0,307.0,89.0,87.0,91.0,95.0,98.0,96.0,91.0,9.88280963897705,0.0,0.0,0.0,0.0,0.0,0.0,0.0,80.17430114746094,0.0,0.0,0.0,0.0,0.0,0.0,0.0,0.0,0.0,2.0,0.0,0.0,0.0,0.0,0.0,0.0,0.0,7.0,0.0,0.0,0.0,10.0,0.0,0.0,0.0,0.0,0.0,0.0,0.0,0.0,0.0,0.0,0.0,0.0,0.0,0.0,0.0,0.0,0.0,0.0,0.0,0.0,0.0,0.0,0.0,0.0,0.0,0.0
22,97,data_mech.csv,98,4851.7998046875,4673.2783203125,-178.521484375,358.0,57.0,86.0,87.0,57.0,95.0,94.0,97.0,0.0,3.0,0.0,0.0,0.0,0.0,6.835939884185791,0.0,30.680200576782227,0.0,0.0,0.0,10.838899612426758,0.0,0.0,0.0,6.462100028991699,57.41230010986328,1.8261200189590454,0.0,0.0,0.0,0.0,0.0,0.0,0.0,36.0,0.0,0.0,0.0,0.0,0.0,0.0,23.0,0.0,0.0,0.0,0.0,0.0,0.0,0.0,0.0,0.0,0.0,0.0,0.0,0.0,0.0,0.0,0.0,0.0,0.0,0.0,0.0,0.0,0.0,0.0,358.0,79.0,94.0,95.0,86.0,96.0,89.0,88.0,0.0,0.0,0.0,68.19529724121094,0.0,16.0,0.0,0.0,0.0,0.0,0.0,0.0,0.0,0.0,14.5,0.0,0.0,0.0,0.0,0.0,0.0,0.0,0.0,0.0,0.0,0.0,0.0,0.0,11.0,0.0,0.0,10.0,0.0,24.0,18.0,1.0,0.0,0.0,0.0,0.0,0.0,0.0,0.0,0.0,0.0,0.0,0.0,0.0,0.0,0.0,0.0,0.0,0.0,0.0,0.0,0.0,0.0
23,485,data_mech.csv,486,4785.2998046875,4609.294921875,-176.0048828125,351.0,69.0,94.0,75.0,84.0,79.0,96.0,86.0,0.0,0.0,0.0,82.53679656982422,0.0,0.0,0.0,0.0,0.0,0.0,0.0,8.777589797973633,0.0,0.0,0.0,0.0,0.0,0.0,0.0,27.0,7.15625,0.0,0.0,0.0,0.0,35.0,41.0,0.0,0.0,0.41666701436042786,0.0,0.0,40.0,0.0,6.0,1.0,0.0,0.0,0.0,0.0,0.0,0.0,0.0,0.0,0.0,0.0,0.0,0.0,0.0,0.0,0.0,0.0,0.0,0.0,0.0,0.0,0.0,334.0,89.0,94.0,91.0,98.0,85.0,96.0,90.0,0.0,0.0,0.0,0.0,2.0,0.0,20.85890007019043,0.0,0.0,0.0,0.0,0.0,0.0,0.0,18.844100952148438,0.0,25.69529914855957,40.82889938354492,0.0,0.0,0.0,0.0,0.0,0.0,0.0,4.0,0.0,13.0,35.0,0.0,0.0,0.0,37.0,0.0,0.0,0.0,0.0,0.0,0.0,0.0,0.0,0.0,0.0,0.0,0.0,0.0,0.0,0.0,0.0,0.0,0.0,0.0,0.0,0.0,0.0,0.0,0.0
24,1074,data_mech.csv,1075,4733.2001953125,4562.3466796875,-170.853515625,353.0,50.0,88.0,97.0,73.0,95.0,96.0,95.0,0.0,0.0,0.0,62.31959915161133,13.417799949645996,0.0,0.0,0.0,0.0,12.0,0.0,0.0,0.0,0.0,4.363530158996582,0.0,0.0,0.0,0.0,0.0,34.3125,0.0,0.0,0.0,0.0,0.0,0.0,0.0,13.0,0.0,0.0,0.0,0.0,0.0,0.0,0.0,0.0,0.0,0.0,0.0,0.0,0.0,0.0,0.0,0.0,0.0,0.0,0.0,0.0,0.0,0.0,0.0,0.0,0.0,0.0,0.0,0.0,362.0,79.0,76.0,89.0,83.0,74.0,96.0,92.0,0.0,0.0,0.0,0.0,0.0,4.0,0.0,0.0,0.0,0.0,0.0,0.0,39.794898986816406,0.0,0.0,0.0,0.0,0.0,0.0,0.0,0.0,0.0,0.0,0.0,60.54690170288086,0.0,0.0,0.0,0.0,0.2666670083999634,0.0,0.0,12.0,11.0,24.0,1.0,0.0,90.0,80.0,94.0,85.0,63.0,91.0,41.0,167.0,72.0,0.0,0.0,0.0,0.0,0.0,0.0,0.0,0.0,0.0,0.0,0.0
25,86768,data_mech.csv,86769,4749.2998046875,4581.61083984375,-167.68896484375,327.0,62.0,93.0,95.0,85.0,98.0,92.0,94.0,0.0,0.0,0.0,0.0,0.0,0.0,0.0,0.0,0.0,0.0,0.0,0.0,0.0,0.0,0.0,0.0,0.0,0.0,0.0,0.0,0.0,90.0,0.0,0.0,0.0,0.0,0.0,0.0,0.0,0.0,8.0,47.46879959106445,5.0,0.0,10.0,1.0,0.0,0.0,0.0,0.0,0.0,0.0,0.0,0.0,0.0,0.0,0.0,0.0,0.0,0.0,0.0,0.0,0.0,0.0,0.0,0.0,0.0,357.0,87.0,64.0,97.0,75.0,86.0,93.0,96.0,0.0,0.0,0.0,0.0,0.0,0.0,0.0,0.0,0.0,0.0,0.0,0.0,72.84380340576172,0.0,2.0,0.0,0.0,0.0,0.0,0.0,0.0,0.0,0.0,0.0,0.0,17.0,0.0,0.0,32.0,0.0,1.0,0.0,26.0,0.0,0.0,0.0,0.0,0.0,0.0,0.0,0.0,0.0,0.0,0.0,0.0,0.0,0.0,0.0,0.0,0.0,0.0,0.0,0.0,0.0,0.0,0.0,0.0
26,2709,data_mech.csv,2710,4651.2001953125,4486.291015625,-164.9091796875,360.0,52.0,76.0,97.0,78.0,86.0,98.0,91.0,0.0,0.0,0.0,47.44609832763672,0.0,0.0,0.0,0.0,0.0,9.0,0.0,0.0,0.0,0.0,0.0,0.0,6.753910064697266,0.0,0.0,0.0,0.0,68.70890045166016,0.0,0.0,0.0,0.0,0.0,0.0,9.0,0.0,0.0,2.0,2.9625000953674316,8.0,1.0,1.0,0.0,0.0,0.0,0.0,0.0,0.0,0.0,0.0,0.0,0.0,0.0,0.0,0.0,0.0,0.0,0.0,0.0,0.0,0.0,0.0,0.0,364.0,85.0,82.0,87.0,97.0,76.0,94.0,91.0,0.0,0.0,38.65129852294922,0.0,0.0,0.0,0.0,0.0,0.0,26.0,0.0,0.0,15.970100402832031,0.0,0.0,0.0,0.0,0.0,0.0,0.0,0.0,0.0,9.88280963897705,0.0,0.0,0.0,0.0,7.0,65.0,0.0,0.0,0.0,0.0,0.0,0.0,0.0,0.0,0.0,0.0,0.0,0.0,0.0,0.0,0.0,0.0,0.0,0.0,0.0,0.0,0.0,0.0,0.0,0.0,0.0,0.0,0.0,0.0
27,253264,data_mech.csv,253265,4679.60009765625,4518.138671875,-161.46142578125,361.0,63.0,59.0,98.0,81.0,97.0,97.0,84.0,0.0,0.0,0.0,0.0,0.0,0.0,0.0,0.0,9.14404010772705,0.0,0.0,0.0,0.0,0.0,0.0,0.0,24.781200408935547,6.0,0.0,0.0,0.0,65.42279815673828,0.0,0.0,0.0,0.0,0.0,31.0,0.0,0.0,9.0,0.0,15.0,0.0,0.0,0.0,0.0,0.0,0.0,0.0,0.0,0.0,0.0,0.0,0.0,0.0,0.0,0.0,0.0,0.0,0.0,0.0,0.0,0.0,0.0,0.0,0.0,320.0,88.0,79.0,96.0,94.0,97.0,86.0,90.0,0.0,0.0,0.0,0.0,0.0,0.0,0.0,0.0,0.0,7.0,0.0,0.0,3.2219200134277344,0.0,0.0,0.0,0.0,21.398399353027344,0.0,0.0,0.0,0.0,0.0,0.0,0.0,9.0,52.0,0.0,0.0,0.06666669994592667,0.0,0.0,0.0,0.0,0.0,0.0,63.98540115356445,0.0,0.0,0.0,0.0,0.0,0.0,0.0,0.0,0.0,0.0,0.0,0.0,0.0,0.0,0.0,0.0,0.0,0.0,0.0,0.0
28,2471,data_mech.csv,2472,4660.2001953125,4499.44140625,-160.7587890625,319.0,73.0,90.0,97.0,82.0,93.0,93.0,86.0,0.0,0.0,4.890620231628418,41.72840118408203,0.0,0.0,0.0,0.0,54.76490020751953,0.0,0.0,14.098799705505371,0.0,0.0,0.0,0.0,14.0,0.0,0.0,0.0,0.0,0.0,0.0,0.0,0.0,0.0,0.0,0.0,0.0,0.0,0.0,0.0,0.0,0.0,10.0,1.0,0.0,0.0,0.0,0.0,0.0,0.0,0.0,0.0,0.0,0.0,0.0,0.0,0.0,0.0,0.0,0.0,0.0,0.0,0.0,0.0,0.0,335.0,78.0,86.0,97.0,91.0,94.0,93.0,94.0,0.0,0.0,0.0,78.4218978881836,0.0,0.0,0.0,0.0,0.0,0.0,0.0,0.0,0.0,0.0,0.0,0.0,0.0,0.0,0.0,17.0,0.0,0.0,0.0,0.0,0.0,0.0,0.0,0.0,0.0,2.8166699409484863,0.0,10.0,0.0,30.0,17.0,1.0,0.0,0.0,0.0,0.0,0.0,0.0,0.0,0.0,0.0,0.0,0.0,0.0,0.0,0.0,0.0,0.0,0.0,0.0,0.0,0.0,0.0
29,872,data_mech.csv,873,4749.10009765625,4589.38720703125,-159.712890625,314.0,47.0,84.0,94.0,52.0,79.0,97.0,87.0,0.0,0.0,0.0,0.0,3.706789970397949,0.0,0.0,0.0,3.0,0.0,0.0,0.0,0.0,0.0,0.0,0.0,0.0,0.0,0.0,0.0,0.0,85.06790161132812,0.0,16.701200485229492,2.8298399448394775,0.0,0.0,0.0,0.0,108.0,0.0,14.0,4.5625,0.0,0.0,0.0,0.0,71.0,46.0,64.0,92.0,77.0,55.0,62.0,153.0,74.0,22.0,47.0,0.0,22.0,47.0,0.0,0.0,30.0,42.0,42.0,0.0,361.0,98.0,86.0,79.0,91.0,45.0,93.0,91.0,0.0,0.0,1.9921900033950806,1.0,0.0,0.0,0.0,0.0,0.0,12.746899604797363,0.0,0.0,0.0,0.0,0.0,0.0,0.0,0.0,0.0,0.0,0.0,0.0,0.0,52.121299743652344,0.0,1.0,0.0,4.0,78.0,0.0,0.0,0.0,0.0,0.0,0.0,0.0,0.0,0.0,0.0,0.0,0.0,0.0,0.0,0.0,0.0,0.0,24.0,28.0,1.0,0.0,0.0,0.0,0.0,29.0,39.0,39.0,0.0
30,253342,data_mech.csv,253343,4658.39990234375,4499.2216796875,-159.17822265625,336.0,70.0,86.0,98.0,83.0,90.0,94.0,86.0,0.0,0.0,0.0,0.0,0.0,0.0,0.0,0.0,6.006869792938232,0.0,0.0,0.0,0.0,0.0,0.0,18.346900939941406,22.0,0.0,0.0,0.0,0.0,69.12590026855469,0.0,0.0,0.0,0.0,0.0,0.0,20.0,0.0,0.0,0.0,0.0,13.0,0.0,0.0,0.0,0.0,0.0,0.0,0.0,0.0,0.0,0.0,0.0,0.0,0.0,0.0,0.0,0.0,0.0,0.0,0.0,0.0,0.0,0.0,0.0,347.0,98.0,89.0,94.0,91.0,87.0,96.0,86.0,0.0,0.0,0.0,0.0,0.0,0.0,0.0,8.0,0.0,0.0,0.0,0.0,0.0,0.0,0.0,0.0,0.0,54.7411994934082,33.75,0.0,0.0,0.0,0.0,0.0,0.0,0.0,0.0,0.0,8.0,0.0,0.0,0.0,0.0,0.0,0.0,0.0,0.0,0.0,0.0,0.0,0.0,0.0,0.0,0.0,0.0,0.0,0.0,0.0,0.0,0.0,0.0,0.0,0.0,0.0,0.0,0.0,0.0
31,253250,data_mech.csv,253251,4682.2998046875,4524.3349609375,-157.96484375,329.0,51.0,97.0,94.0,76.0,84.0,92.0,88.0,0.0,0.0,0.0,3.71875,0.0,0.0,0.0,0.0,0.0,0.0,0.0,0.0,0.0,0.0,0.0,0.0,31.11549949645996,0.0,0.0,18.0,0.0,74.52269744873047,0.0,0.0,0.0,0.0,0.0,0.0,0.0,0.06666669994592667,0.0,49.0,0.0,0.0,0.0,0.0,0.0,0.0,0.0,0.0,0.0,0.0,0.0,0.0,0.0,0.0,0.0,0.0,0.0,0.0,0.0,0.0,0.0,0.0,0.0,0.0,0.0,327.0,95.0,88.0,88.0,91.0,95.0,98.0,76.0,0.0,0.0,0.0,56.97060012817383,0.0,0.0,0.0,0.0,0.0,0.0,0.0,0.0,0.0,0.0,1.7739700078964233,0.0,0.0,0.0,29.0,4.150390148162842,0.0,0.0,0.0,0.0,0.0,0.0,0.0,0.0,11.0,0.0,46.0,0.0,0.0,0.0,0.0,0.0,0.0,0.0,0.0,0.0,0.0,0.0,0.0,0.0,0.0,0.0,0.0,0.0,0.0,0.0,0.0,0.0,0.0,0.0,0.0,0.0,0.0
32,253204,data_mech.csv,253205,5014.89990234375,4857.2626953125,-157.63720703125,342.0,62.0,76.0,94.0,51.0,82.0,98.0,95.0,0.0,2.54790997505188,0.0,0.0,0.0,1.71875,0.0,0.0,0.0,0.0,0.0,44.787498474121094,0.0,0.0,0.0,0.0,0.0,0.0,0.0,0.0,0.0,24.0,0.0,42.195701599121094,0.0,0.0,0.0,0.0,0.0,0.0,0.0,0.0,0.0,5.0,15.0,1.0,0.0,0.0,0.0,0.0,0.0,0.0,0.0,0.0,0.0,0.0,24.0,44.0,1.0,12.0,30.0,24.0,0.0,24.0,44.0,0.0,1.0,351.0,95.0,70.0,94.0,81.0,75.0,96.0,95.0,0.0,0.0,1.7086800336837769,0.0,0.0,1.4471499919891357,0.0,0.0,0.0,18.28499984741211,18.0,0.0,0.0,0.0,0.0,0.0,0.0,5.886929988861084,0.0,0.0,0.0,0.0,0.859375,60.067901611328125,0.0,0.0,0.0,0.0,88.0,0.0,0.0,0.0,0.0,0.0,0.0,0.0,0.0,0.0,0.0,0.0,0.0,0.0,0.0,0.0,0.0,0.0,24.0,42.0,1.0,0.0,0.0,0.0,0.0,29.0,45.0,43.0,0.0
33,1097,data_mech.csv,1098,4731.39990234375,4574.78515625,-156.61474609375,344.0,78.0,82.0,93.0,75.0,77.0,95.0,94.0,0.0,0.0,0.0,0.0,0.0,0.0,0.0,0.0,0.0,2.0,0.0,74.04989624023438,0.0,0.0,0.0,0.0,0.0,0.0,0.0,14.882800102233887,0.0,0.0,0.0,55.10900115966797,0.0,0.0,0.0,0.0,32.0,0.0,0.0,11.0,0.0,12.0,0.0,0.0,0.0,0.0,0.0,0.0,0.0,0.0,0.0,0.0,0.0,0.0,12.0,46.0,0.0,24.0,30.0,29.0,1.0,12.0,46.0,0.0,0.0,338.0,81.0,64.0,93.0,45.0,71.0,91.0,97.0,0.0,11.994500160217285,0.0,0.0,0.0,0.0,0.0,0.0,0.0,0.0,0.0,0.0,0.0,63.629600524902344,0.0,0.0,19.894800186157227,0.0,0.0,0.0,0.0,0.0,0.0,33.0,12.765800476074219,0.0,0.0,10.0,0.0,0.0,0.0,16.0,0.0,0.0,0.0,0.0,0.0,59.0,67.0,43.0,93.0,77.0,55.0,81.0,137.0,66.0,14.0,44.0,0.0,0.0,0.0,0.0,0.0,14.0,44.0,0.0,0.0
34,972,data_mech.csv,973,4741.2001953125,4589.37255859375,-151.82763671875,329.0,44.0,88.0,96.0,70.0,82.0,93.0,94.0,0.0,0.0,0.0,0.0,0.0,0.0,0.0,0.0,0.0,0.0,0.0,0.0,0.0,0.0,0.0,0.0,0.0,0.0,0.0,0.0,0.0,85.5969009399414,0.0,2.0,0.0,11.0,0.0,0.0,0.0,92.0,0.0,35.831199645996094,13.0,0.0,0.0,0.0,0.0,0.0,0.0,0.0,0.0,0.0,0.0,0.0,0.0,0.0,22.0,43.0,0.0,30.0,38.0,38.0,0.0,32.0,22.0,17.0,0.0,344.0,92.0,75.0,93.0,95.0,55.0,93.0,84.0,1.0,0.0,0.0,0.0,0.0,0.0,0.0,10.91409969329834,0.0,11.789999961853027,0.0,0.0,49.930301666259766,0.0,0.0,0.0,0.0,0.0,0.0,0.0,0.0,0.0,0.0,0.0,0.0,0.0,0.0,0.0,38.0,0.0,0.0,0.0,0.0,37.0,0.0,0.0,0.0,0.0,0.0,0.0,0.0,0.0,0.0,0.0,0.0,0.0,0.0,0.0,0.0,0.0,0.0,0.0,0.0,0.0,0.0,0.0,0.0
35,253358,data_mech.csv,253359,4653.7998046875,4503.71142578125,-150.08837890625,351.0,62.0,76.0,91.0,88.0,97.0,88.0,92.0,0.0,0.0,0.0,69.50540161132812,0.0,0.0,0.0,2.7773399353027344,0.0,0.0,0.0,0.0,0.0,0.0,0.0,0.0,0.0,0.0,12.989100456237793,19.0,16.273500442504883,0.0,0.0,0.0,0.0,0.0,0.0,28.0,0.0,0.0,0.0,52.0,0.0,0.0,0.0,0.0,0.0,0.0,0.0,0.0,0.0,0.0,0.0,0.0,0.0,0.0,0.0,0.0,0.0,0.0,0.0,0.0,0.0,0.0,0.0,0.0,0.0,367.0,97.0,74.0,94.0,77.0,95.0,97.0,70.0,0.0,0.0,12.038999557495117,0.0,0.0,0.0,0.0,0.0,32.91910171508789,0.0,0.0,26.967300415039062,0.0,0.0,0.0,0.0,5.0,0.0,4.960939884185791,0.0,0.0,0.0,0.0,0.0,0.0,0.0,0.0,26.0,0.0,0.0,20.0,4.0,0.0,0.0,0.0,0.0,0.0,0.0,0.0,0.0,0.0,0.0,0.0,0.0,0.0,0.0,0.0,0.0,0.0,0.0,0.0,0.0,0.0,0.0,0.0,0.0,0.0
36,253262,data_mech.csv,253263,4679.89990234375,4531.421875,-148.47802734375,310.0,51.0,99.0,97.0,75.0,93.0,87.0,89.0,0.0,0.0,0.0,0.0,0.0,0.0,0.0,0.0,0.0,0.0,0.0,0.0,0.0,0.0,0.0,0.0,0.0,0.0,0.0,0.0,2.7960898876190186,83.29299926757812,0.0,29.0,0.0,0.0,0.0,11.0,48.0,0.0,0.0,6.300000190734863,16.0,30.0,0.0,0.0,0.0,0.0,0.0,0.0,0.0,0.0,0.0,0.0,0.0,0.0,22.0,45.0,0.0,34.0,15.0,15.0,0.0,29.0,24.0,24.0,0.0,325.0,93.0,74.0,97.0,93.0,69.0,94.0,87.0,0.0,0.0,0.0,0.0,11.0,0.0,0.0,0.0,0.0,0.0,0.0,61.74610137939453,0.0,0.0,0.0,0.0,0.0,0.0,0.0,0.0,0.0,0.0,0.0,0.0,0.0,44.0,0.0,0.0,34.0,0.0,0.0,0.0,2.0,19.0,0.0,0.0,0.0,0.0,0.0,0.0,0.0,0.0,0.0,0.0,0.0,0.0,0.0,0.0,0.0,0.0,0.0,0.0,0.0,0.0,0.0,0.0,0.0
37,86781,data_mech.csv,86782,4674.2001953125,4529.38818359375,-144.81201171875,327.0,62.0,93.0,95.0,85.0,98.0,92.0,94.0,0.0,0.0,0.0,0.0,0.0,0.0,0.0,0.0,0.0,0.0,0.0,0.0,0.0,0.0,0.0,0.0,0.0,0.0,0.0,0.0,0.0,90.0,0.0,0.0,0.0,0.0,0.0,0.0,0.0,0.0,8.0,47.46879959106445,5.0,0.0,10.0,1.0,0.0,0.0,0.0,0.0,0.0,0.0,0.0,0.0,0.0,0.0,0.0,0.0,0.0,0.0,0.0,0.0,0.0,0.0,0.0,0.0,0.0,342.0,81.0,92.0,95.0,91.0,92.0,91.0,94.0,6.0,0.0,0.0,26.024799346923828,0.0,0.0,0.0,0.0,0.0,0.0,41.35499954223633,0.0,0.0,0.0,0.0,0.0,0.0,0.0,0.0,21.921899795532227,0.0,0.0,0.0,0.0,0.0,0.0,0.0,0.0,0.0,0.0,0.0,33.0,0.0,0.0,0.0,0.0,0.0,0.0,0.0,0.0,0.0,0.0,0.0,0.0,0.0,0.0,0.0,0.0,0.0,0.0,0.0,0.0,0.0,0.0,0.0,0.0,0.0
38,253149,data_mech.csv,253150,4886.0,4743.025390625,-142.974609375,330.0,95.0,90.0,91.0,99.0,60.0,94.0,88.0,0.0,0.0,0.0,0.0,5.0,0.0,79.59770202636719,0.0,0.0,0.0,0.0,0.0,0.0,0.0,0.0,0.0,0.0,0.0,0.0,0.0,0.0,0.0,0.0,0.0,0.0,0.0,0.0,20.0,35.0,0.0,0.0,0.0,13.0,24.0,0.0,0.0,0.0,0.0,0.0,0.0,0.0,0.0,0.0,0.0,0.0,0.0,0.0,0.0,0.0,0.0,0.0,0.0,0.0,0.0,0.0,0.0,0.0,336.0,69.0,89.0,94.0,98.0,96.0,93.0,94.0,0.0,14.310500144958496,0.0,0.0,0.0,0.0,0.0,0.0,27.0,0.0,58.105899810791016,0.0,0.0,0.0,0.0,3.649980068206787,0.0,0.0,0.0,0.0,0.0,0.0,0.0,0.0,0.0,0.0,0.0,0.0,15.0,0.0,4.0,0.0,0.0,9.0,10.0,1.0,0.0,0.0,0.0,0.0,0.0,0.0,0.0,0.0,0.0,0.0,0.0,0.0,0.0,0.0,0.0,0.0,0.0,0.0,0.0,0.0,0.0
39,2188,data_mech.csv,2189,4671.0,4529.48779296875,-141.51220703125,343.0,49.0,92.0,94.0,49.0,57.0,88.0,89.0,0.0,0.0,0.0,0.0,0.0,0.0,0.0,0.0,0.0,6.220699787139893,0.0,70.20649719238281,0.0,0.0,0.0,0.0,11.165300369262695,0.0,0.0,0.0,0.0,0.0,0.0,28.52429962158203,19.0,34.0,0.0,20.0,0.0,0.0,0.0,0.0,0.0,0.0,9.0,1.0,0.0,64.0,81.0,85.0,52.0,49.0,75.0,61.0,181.0,82.0,12.0,45.0,0.0,28.0,10.0,10.0,0.0,26.0,17.0,17.0,0.0,356.0,90.0,78.0,86.0,76.0,76.0,94.0,94.0,0.0,0.0,0.0,0.0,0.0,0.0,0.0,0.0,0.0,14.22659969329834,0.0,0.0,0.0,0.0,0.0,0.0,0.0,0.0,62.5004997253418,0.0,0.0,0.0,0.0,22.0,0.0,0.0,0.0,0.0,11.0,0.0,62.0,0.0,16.0,37.0,7.0,1.0,0.0,0.0,0.0,0.0,0.0,0.0,0.0,0.0,0.0,0.0,19.0,35.0,0.0,31.0,33.0,29.0,0.0,34.0,21.0,16.0,0.0
40,2491,data_mech.csv,2492,4659.60009765625,4519.861328125,-139.73876953125,326.0,88.0,88.0,89.0,73.0,83.0,99.0,84.0,0.0,0.0,0.0,0.0,0.0,0.0,5.43257999420166,0.0,0.0,0.0,0.0,0.0,0.0,0.0,0.0,0.0,0.0,79.3948974609375,4.0,0.0,23.4375,0.0,2.76488995552063,0.0,0.0,0.0,0.0,0.0,34.0,0.0,26.0,21.0,0.0,17.0,20.0,1.0,0.0,0.0,0.0,0.0,0.0,0.0,0.0,0.0,0.0,0.0,0.0,0.0,0.0,0.0,0.0,0.0,0.0,0.0,0.0,0.0,0.0,330.0,89.0,90.0,97.0,93.0,95.0,89.0,87.0,0.0,0.0,0.0,0.0,0.0,0.0,0.0,0.0,0.0,0.0,0.0,0.0,0.0,0.0,16.015300750732422,12.0,0.0,0.0,0.0,10.22659969329834,0.0,0.0,0.0,0.0,0.0,0.0,0.0,0.0,52.0,1.0666699409484863,0.0,0.0,0.0,0.0,0.0,0.0,61.16960144042969,0.0,0.0,0.0,0.0,0.0,0.0,0.0,0.0,0.0,0.0,0.0,0.0,0.0,0.0,0.0,0.0,0.0,0.0,0.0,0.0
41,1533,data_mech.csv,1534,4702.2998046875,4563.02392578125,-139.27587890625,354.0,96.0,85.0,97.0,83.0,90.0,97.0,94.0,3.515619993209839,2.5543200969696045,0.0,0.0,0.0,0.0,0.0,0.0,0.0,31.0,0.0,0.0,0.0,0.0,0.0,0.0,0.0,0.0,0.0,0.0,0.0,66.518798828125,0.0,0.0,0.0,18.0,0.0,0.0,0.0,0.0,0.0,0.0,30.0,16.0,0.0,0.0,0.0,0.0,0.0,0.0,0.0,0.0,0.0,0.0,0.0,0.0,0.0,0.0,0.0,0.0,0.0,0.0,0.0,0.0,0.0,0.0,0.0,327.0,90.0,78.0,95.0,91.0,87.0,87.0,85.0,0.0,0.0,0.0,0.0,0.0,0.0,0.0,0.0,0.0,13.0,0.0,21.057100296020508,64.1583023071289,0.0,0.0,0.0,0.0,7.486959934234619,0.0,0.0,0.0,0.0,0.0,5.695310115814209,0.0,0.0,0.0,0.0,0.0,0.0,0.0,2.0,0.0,0.0,3.0,1.0,0.0,0.0,0.0,0.0,0.0,0.0,0.0,0.0,0.0,0.0,13.0,45.0,0.0,12.0,14.0,10.0,0.0,13.0,45.0,0.0,0.0
42,253245,data_mech.csv,253246,4684.5,4545.94287109375,-138.55712890625,349.0,51.0,87.0,96.0,91.0,93.0,96.0,82.0,0.0,0.0,2.6408801078796387,0.0,0.0,4.0,0.0,0.0,0.0,0.0,0.0,0.0,0.0,0.0,0.0,14.476799964904785,0.0,0.0,0.0,0.0,0.0,82.52749633789062,1.9531199932098389,0.0,0.0,14.0,0.0,18.0,0.0,0.0,0.0,42.0,0.0,0.0,0.0,0.0,0.0,0.0,0.0,0.0,0.0,0.0,0.0,0.0,0.0,0.0,0.0,0.0,0.0,0.0,0.0,0.0,0.0,0.0,0.0,0.0,0.0,321.0,92.0,82.0,97.0,84.0,89.0,96.0,90.0,0.0,0.0,0.0,0.0,0.0,0.0,0.0,0.0,0.0,0.0,0.0,0.0,0.0,56.125,0.0,0.0,0.0,0.0,21.0,0.0,0.0,0.0,0.0,0.0,0.0,17.0,0.0,0.0,0.0,0.0,14.0,5.0,0.0,10.0,0.0,0.0,0.0,0.0,0.0,0.0,0.0,0.0,0.0,0.0,0.0,0.0,0.0,0.0,0.0,0.0,0.0,0.0,0.0,0.0,0.0,0.0,0.0
43,253353,data_mech.csv,253354,4655.2998046875,4517.439453125,-137.8603515625,342.0,65.0,75.0,91.0,83.0,86.0,90.0,94.0,0.0,0.0,0.0,0.0,0.0,0.0,0.0,0.0,0.0,0.0,0.0,0.0,0.0,0.0,0.0,0.0,0.0,0.0,0.0,0.0,0.0,96.0,0.0,0.0,0.0,0.0,0.0,2.0,15.0,0.0,0.0,20.0,0.0,17.0,0.0,0.0,0.0,0.0,0.0,0.0,0.0,0.0,0.0,0.0,0.0,0.0,0.0,0.0,0.0,0.0,0.0,0.0,0.0,0.0,0.0,0.0,0.0,346.0,96.0,92.0,96.0,97.0,86.0,87.0,87.0,0.0,0.0,0.0,0.0,0.0,0.0,75.1406021118164,0.0,0.0,0.0,0.0,0.0,0.0,0.0,0.0,0.0,0.0,0.0,0.0,0.0,0.0,0.0,0.0,0.0,0.0,40.0,18.0,0.0,0.0,1.0666699409484863,0.0,0.0,0.0,0.0,0.0,0.0,18.0,0.0,0.0,0.0,0.0,0.0,0.0,0.0,0.0,0.0,0.0,0.0,0.0,0.0,0.0,0.0,0.0,0.0,0.0,0.0,0.0
44,1261,data_mech.csv,1262,4720.2001953125,4583.8779296875,-136.322265625,327.0,84.0,93.0,97.0,97.0,94.0,98.0,87.0,0.0,0.0,0.0,11.070300102233887,0.0,0.0,0.0,0.0,50.11579895019531,0.0,0.0,0.0,0.0,0.0,0.0,0.0,0.0,19.0,0.0,0.0,0.0,0.0,0.0,0.0,0.0,0.0,0.0,0.0,74.0,0.0,0.0,0.0,0.0,38.0,0.0,0.0,0.0,0.0,0.0,0.0,0.0,0.0,0.0,0.0,0.0,0.0,0.0,0.0,0.0,0.0,0.0,0.0,0.0,0.0,0.0,0.0,0.0,304.0,81.0,77.0,95.0,97.0,98.0,89.0,91.0,0.0,0.0,44.89659881591797,0.0,0.0,0.0,0.0,0.0,0.0,0.0,0.0,6.507810115814209,0.0,0.0,0.0,0.0,0.0,9.0,2.636539936065674,0.0,0.0,0.0,0.0,0.0,0.0,0.0,0.0,29.0,88.0,0.0,0.0,0.0,0.0,0.0,19.0,1.0,0.0,0.0,0.0,0.0,0.0,0.0,0.0,0.0,0.0,0.0,0.0,0.0,0.0,0.0,0.0,0.0,0.0,0.0,0.0,0.0,0.0
45,142,data_mech.csv,143,4842.7001953125,4706.45166015625,-136.24853515625,331.0,56.0,94.0,98.0,92.0,97.0,89.0,78.0,0.0,0.0,0.0,7.375,0.0,0.0,0.0,0.0,0.0,0.0,0.0,0.0,0.0,0.0,0.0,0.0,0.0,0.0,0.0,0.0,0.0,92.0,0.0,0.0,0.0,0.0,0.0,21.0,44.0,0.0,0.0,12.0,18.5,0.0,2.0,1.0,0.0,0.0,0.0,0.0,0.0,0.0,0.0,0.0,0.0,0.0,0.0,0.0,0.0,0.0,0.0,0.0,0.0,0.0,0.0,0.0,0.0,351.0,96.0,82.0,88.0,76.0,93.0,82.0,93.0,0.0,0.0,0.0,0.0,0.0,0.0,0.0,0.0,0.0,19.511199951171875,0.0,0.0,2.0,0.0,0.0,0.0,0.0,19.606000900268555,39.4369010925293,0.0,0.0,0.0,0.0,21.656200408935547,0.0,2.0,19.0,0.0,49.0,0.0,0.0,0.0,0.0,0.0,0.0,0.0,0.0,0.0,0.0,0.0,0.0,0.0,0.0,0.0,0.0,0.0,19.0,28.0,0.0,19.0,28.0,0.0,0.0,29.0,29.0,20.0,0.0
46,830,data_mech.csv,831,4751.7001953125,4617.435546875,-134.2646484375,345.0,66.0,64.0,87.0,95.0,95.0,97.0,92.0,0.0,0.0,0.0,61.3296012878418,0.0,0.0,0.0,0.0,0.0,0.0,0.0,0.0,0.0,0.0,0.0,0.0,0.0,0.0,0.0,17.0,5.043590068817139,15.871100425720215,0.0,0.0,0.0,12.0,0.0,0.0,0.0,0.0,0.0,45.0,0.0,0.0,1.0,1.0,0.0,0.0,0.0,0.0,0.0,0.0,0.0,0.0,0.0,0.0,0.0,0.0,0.0,0.0,0.0,0.0,0.0,0.0,0.0,0.0,0.0,357.0,75.0,65.0,90.0,91.0,95.0,86.0,90.0,0.0,0.0,0.0,74.37239837646484,0.0,0.0,0.0,0.0,0.0,0.0,0.0,0.0,33.0,2.226560115814209,0.0,0.0,0.0,0.0,0.0,0.0,0.0,0.0,0.0,0.0,0.0,0.0,0.0,17.0,12.0,0.0,22.0,0.0,0.0,36.0,0.0,0.0,0.0,0.0,0.0,0.0,0.0,0.0,0.0,0.0,0.0,0.0,0.0,0.0,0.0,0.0,0.0,0.0,0.0,0.0,0.0,0.0,0.0
47,2604,data_mech.csv,2605,4655.0,4521.07666015625,-133.92333984375,285.0,41.0,88.0,92.0,74.0,88.0,98.0,93.0,0.0,0.0,0.0,0.0,0.0,0.0,0.0,0.0,0.0,0.0,0.0,0.0,0.0,0.0,0.0,0.0,0.0,0.0,0.0,16.98979949951172,0.9460939764976501,75.46589660644531,0.0,23.0,0.0,25.0,0.0,0.0,14.0,0.0,0.0,0.0,0.0,9.0,0.0,0.0,0.0,0.0,0.0,0.0,0.0,0.0,0.0,0.0,0.0,0.0,22.0,43.0,0.0,22.0,43.0,0.0,0.0,29.0,7.0,7.0,0.0,333.0,86.0,80.0,94.0,98.0,64.0,99.0,93.0,0.0,0.0,0.0,0.0,0.0,0.0,0.0,0.0,10.0,0.0,0.0,0.0,0.0,0.0,0.0,0.0,0.0,0.0,0.0,0.0,0.0,0.0,3.712670087814331,5.648439884185791,0.0,0.0,70.0,0.0,0.0,43.349998474121094,0.0,0.0,0.0,10.0,0.0,0.0,70.70030212402344,0.0,0.0,0.0,0.0,0.0,0.0,0.0,0.0,0.0,19.0,39.0,0.0,30.0,34.0,17.0,0.0,27.0,35.0,35.0,0.0
48,890,data_mech.csv,891,4747.5,4613.609375,-133.890625,333.0,50.0,97.0,95.0,67.0,76.0,94.0,93.0,2.0245699882507324,0.0,0.0,0.0,0.0,0.0,0.0,0.0,0.0,0.0,7.320479869842529,0.0,0.0,18.0,0.0,0.0,0.0,0.0,0.0,0.0,0.0,57.99549865722656,0.0,0.0,27.730499267578125,0.0,0.0,0.0,9.0,0.0,15.0,0.0,33.0,0.0,0.0,0.0,0.0,72.0,72.0,68.0,67.0,84.0,92.0,55.0,158.0,64.0,0.0,0.0,0.0,0.0,0.0,0.0,0.0,0.0,0.0,0.0,0.0,356.0,90.0,78.0,86.0,76.0,76.0,98.0,94.0,0.0,0.0,0.0,0.0,0.0,0.0,0.0,0.0,0.0,14.22659969329834,0.0,0.0,0.0,0.0,0.0,0.0,0.0,0.0,62.5004997253418,0.0,0.0,0.0,0.0,22.0,0.0,0.0,0.0,0.0,11.0,0.0,66.0,0.0,16.0,37.0,7.0,1.0,0.0,0.0,0.0,0.0,0.0,0.0,0.0,0.0,0.0,0.0,19.0,35.0,0.0,31.0,33.0,33.0,0.0,34.0,21.0,16.0,0.0
49,253357,data_mech.csv,253358,4654.2998046875,4521.794921875,-132.5048828125,339.0,39.0,81.0,94.0,94.0,93.0,91.0,85.0,0.0,0.0,0.0,0.0,0.0,0.0,0.0,0.0,0.0,0.0,0.0,0.0,0.0,0.0,0.0,0.0,0.0,0.0,0.0,4.964839935302734,3.0,93.46320343017578,0.0,0.0,0.0,14.0,0.0,9.0,0.0,0.0,4.0,0.0,49.0,0.0,0.0,0.0,0.0,0.0,0.0,0.0,0.0,0.0,0.0,0.0,0.0,0.0,0.0,0.0,0.0,0.0,0.0,0.0,0.0,0.0,0.0,0.0,0.0,331.0,86.0,72.0,93.0,87.0,97.0,90.0,88.0,4.846940040588379,0.0,0.0,0.0,0.0,0.0,2.945310115814209,0.0,0.0,0.0,0.0,0.0,0.0,0.0,0.0,0.0,0.0,48.4369010925293,45.0,0.0,0.0,0.0,0.0,0.0,3.5665900707244873,0.0,0.0,6.0,0.0,0.0,0.0,0.0,0.0,26.0,0.0,0.0,0.0,90.0,80.0,75.0,52.0,59.0,78.0,93.0,148.0,100.0,0.0,0.0,0.0,0.0,0.0,0.0,0.0,0.0,0.0,0.0,0.0
50,86772,data_mech.csv,86773,4698.2001953125,4565.732421875,-132.4677734375,303.0,42.0,86.0,95.0,69.0,92.0,84.0,89.0,0.0,0.0,0.0,0.0,0.0,0.0,0.0,0.0,0.0,0.0,0.0,0.0,0.0,0.0,0.0,0.0,0.0,0.0,0.0,0.0,0.0,92.0,0.0,0.0,0.0,0.0,0.0,0.0,0.0,0.0,0.0,62.0,0.0,7.0,29.0,1.0,0.0,0.0,0.0,0.0,0.0,0.0,0.0,0.0,0.0,0.0,0.0,0.0,0.0,0.0,0.0,0.0,0.0,0.0,0.0,0.0,0.0,338.0,98.0,82.0,98.0,79.0,72.0,88.0,87.0,0.0,0.0,0.0,0.0,0.0,0.0,0.0,0.0,0.0,0.0,0.0,0.0,86.5562973022461,0.0,0.0,0.0,0.0,0.0,0.0,0.0,0.0,0.0,0.0,7.0,0.0,0.0,0.0,57.0,23.0,0.0,0.0,0.0,13.0,0.0,0.0,0.0,0.0,0.0,0.0,0.0,0.0,0.0,0.0,0.0,0.0,0.0,13.0,44.0,0.0,0.0,0.0,0.0,0.0,28.0,31.0,26.0,0.0
